id,title,category,source,tags,source_url
bench_synth_0,AI Benchmark Suite 0,benchmarks,,,https://example.com/bench/0
bench_synth_1,AI Benchmark Suite 1,benchmarks,,,https://example.com/bench/1
bench_synth_10,AI Benchmark Suite 10,benchmarks,,,https://example.com/bench/10
bench_synth_100,AI Benchmark Suite 100,benchmarks,,,https://example.com/bench/100
bench_synth_101,AI Benchmark Suite 101,benchmarks,,,https://example.com/bench/101
bench_synth_102,AI Benchmark Suite 102,benchmarks,,,https://example.com/bench/102
bench_synth_103,AI Benchmark Suite 103,benchmarks,,,https://example.com/bench/103
bench_synth_104,AI Benchmark Suite 104,benchmarks,,,https://example.com/bench/104
bench_synth_105,AI Benchmark Suite 105,benchmarks,,,https://example.com/bench/105
bench_synth_106,AI Benchmark Suite 106,benchmarks,,,https://example.com/bench/106
bench_synth_107,AI Benchmark Suite 107,benchmarks,,,https://example.com/bench/107
bench_synth_108,AI Benchmark Suite 108,benchmarks,,,https://example.com/bench/108
bench_synth_109,AI Benchmark Suite 109,benchmarks,,,https://example.com/bench/109
bench_synth_11,AI Benchmark Suite 11,benchmarks,,,https://example.com/bench/11
bench_synth_110,AI Benchmark Suite 110,benchmarks,,,https://example.com/bench/110
bench_synth_111,AI Benchmark Suite 111,benchmarks,,,https://example.com/bench/111
bench_synth_112,AI Benchmark Suite 112,benchmarks,,,https://example.com/bench/112
bench_synth_113,AI Benchmark Suite 113,benchmarks,,,https://example.com/bench/113
bench_synth_114,AI Benchmark Suite 114,benchmarks,,,https://example.com/bench/114
bench_synth_115,AI Benchmark Suite 115,benchmarks,,,https://example.com/bench/115
bench_synth_116,AI Benchmark Suite 116,benchmarks,,,https://example.com/bench/116
bench_synth_117,AI Benchmark Suite 117,benchmarks,,,https://example.com/bench/117
bench_synth_118,AI Benchmark Suite 118,benchmarks,,,https://example.com/bench/118
bench_synth_119,AI Benchmark Suite 119,benchmarks,,,https://example.com/bench/119
bench_synth_12,AI Benchmark Suite 12,benchmarks,,,https://example.com/bench/12
bench_synth_120,AI Benchmark Suite 120,benchmarks,,,https://example.com/bench/120
bench_synth_121,AI Benchmark Suite 121,benchmarks,,,https://example.com/bench/121
bench_synth_122,AI Benchmark Suite 122,benchmarks,,,https://example.com/bench/122
bench_synth_123,AI Benchmark Suite 123,benchmarks,,,https://example.com/bench/123
bench_synth_124,AI Benchmark Suite 124,benchmarks,,,https://example.com/bench/124
bench_synth_125,AI Benchmark Suite 125,benchmarks,,,https://example.com/bench/125
bench_synth_126,AI Benchmark Suite 126,benchmarks,,,https://example.com/bench/126
bench_synth_127,AI Benchmark Suite 127,benchmarks,,,https://example.com/bench/127
bench_synth_128,AI Benchmark Suite 128,benchmarks,,,https://example.com/bench/128
bench_synth_129,AI Benchmark Suite 129,benchmarks,,,https://example.com/bench/129
bench_synth_13,AI Benchmark Suite 13,benchmarks,,,https://example.com/bench/13
bench_synth_130,AI Benchmark Suite 130,benchmarks,,,https://example.com/bench/130
bench_synth_131,AI Benchmark Suite 131,benchmarks,,,https://example.com/bench/131
bench_synth_132,AI Benchmark Suite 132,benchmarks,,,https://example.com/bench/132
bench_synth_133,AI Benchmark Suite 133,benchmarks,,,https://example.com/bench/133
bench_synth_134,AI Benchmark Suite 134,benchmarks,,,https://example.com/bench/134
bench_synth_135,AI Benchmark Suite 135,benchmarks,,,https://example.com/bench/135
bench_synth_136,AI Benchmark Suite 136,benchmarks,,,https://example.com/bench/136
bench_synth_137,AI Benchmark Suite 137,benchmarks,,,https://example.com/bench/137
bench_synth_138,AI Benchmark Suite 138,benchmarks,,,https://example.com/bench/138
bench_synth_139,AI Benchmark Suite 139,benchmarks,,,https://example.com/bench/139
bench_synth_14,AI Benchmark Suite 14,benchmarks,,,https://example.com/bench/14
bench_synth_140,AI Benchmark Suite 140,benchmarks,,,https://example.com/bench/140
bench_synth_141,AI Benchmark Suite 141,benchmarks,,,https://example.com/bench/141
bench_synth_142,AI Benchmark Suite 142,benchmarks,,,https://example.com/bench/142
bench_synth_143,AI Benchmark Suite 143,benchmarks,,,https://example.com/bench/143
bench_synth_144,AI Benchmark Suite 144,benchmarks,,,https://example.com/bench/144
bench_synth_145,AI Benchmark Suite 145,benchmarks,,,https://example.com/bench/145
bench_synth_146,AI Benchmark Suite 146,benchmarks,,,https://example.com/bench/146
bench_synth_147,AI Benchmark Suite 147,benchmarks,,,https://example.com/bench/147
bench_synth_148,AI Benchmark Suite 148,benchmarks,,,https://example.com/bench/148
bench_synth_149,AI Benchmark Suite 149,benchmarks,,,https://example.com/bench/149
bench_synth_15,AI Benchmark Suite 15,benchmarks,,,https://example.com/bench/15
bench_synth_150,AI Benchmark Suite 150,benchmarks,,,https://example.com/bench/150
bench_synth_151,AI Benchmark Suite 151,benchmarks,,,https://example.com/bench/151
bench_synth_152,AI Benchmark Suite 152,benchmarks,,,https://example.com/bench/152
bench_synth_153,AI Benchmark Suite 153,benchmarks,,,https://example.com/bench/153
bench_synth_154,AI Benchmark Suite 154,benchmarks,,,https://example.com/bench/154
bench_synth_155,AI Benchmark Suite 155,benchmarks,,,https://example.com/bench/155
bench_synth_156,AI Benchmark Suite 156,benchmarks,,,https://example.com/bench/156
bench_synth_157,AI Benchmark Suite 157,benchmarks,,,https://example.com/bench/157
bench_synth_158,AI Benchmark Suite 158,benchmarks,,,https://example.com/bench/158
bench_synth_159,AI Benchmark Suite 159,benchmarks,,,https://example.com/bench/159
bench_synth_16,AI Benchmark Suite 16,benchmarks,,,https://example.com/bench/16
bench_synth_160,AI Benchmark Suite 160,benchmarks,,,https://example.com/bench/160
bench_synth_161,AI Benchmark Suite 161,benchmarks,,,https://example.com/bench/161
bench_synth_162,AI Benchmark Suite 162,benchmarks,,,https://example.com/bench/162
bench_synth_163,AI Benchmark Suite 163,benchmarks,,,https://example.com/bench/163
bench_synth_164,AI Benchmark Suite 164,benchmarks,,,https://example.com/bench/164
bench_synth_165,AI Benchmark Suite 165,benchmarks,,,https://example.com/bench/165
bench_synth_166,AI Benchmark Suite 166,benchmarks,,,https://example.com/bench/166
bench_synth_167,AI Benchmark Suite 167,benchmarks,,,https://example.com/bench/167
bench_synth_168,AI Benchmark Suite 168,benchmarks,,,https://example.com/bench/168
bench_synth_169,AI Benchmark Suite 169,benchmarks,,,https://example.com/bench/169
bench_synth_17,AI Benchmark Suite 17,benchmarks,,,https://example.com/bench/17
bench_synth_170,AI Benchmark Suite 170,benchmarks,,,https://example.com/bench/170
bench_synth_171,AI Benchmark Suite 171,benchmarks,,,https://example.com/bench/171
bench_synth_172,AI Benchmark Suite 172,benchmarks,,,https://example.com/bench/172
bench_synth_173,AI Benchmark Suite 173,benchmarks,,,https://example.com/bench/173
bench_synth_174,AI Benchmark Suite 174,benchmarks,,,https://example.com/bench/174
bench_synth_175,AI Benchmark Suite 175,benchmarks,,,https://example.com/bench/175
bench_synth_176,AI Benchmark Suite 176,benchmarks,,,https://example.com/bench/176
bench_synth_177,AI Benchmark Suite 177,benchmarks,,,https://example.com/bench/177
bench_synth_178,AI Benchmark Suite 178,benchmarks,,,https://example.com/bench/178
bench_synth_179,AI Benchmark Suite 179,benchmarks,,,https://example.com/bench/179
bench_synth_18,AI Benchmark Suite 18,benchmarks,,,https://example.com/bench/18
bench_synth_180,AI Benchmark Suite 180,benchmarks,,,https://example.com/bench/180
bench_synth_181,AI Benchmark Suite 181,benchmarks,,,https://example.com/bench/181
bench_synth_182,AI Benchmark Suite 182,benchmarks,,,https://example.com/bench/182
bench_synth_183,AI Benchmark Suite 183,benchmarks,,,https://example.com/bench/183
bench_synth_184,AI Benchmark Suite 184,benchmarks,,,https://example.com/bench/184
bench_synth_185,AI Benchmark Suite 185,benchmarks,,,https://example.com/bench/185
bench_synth_186,AI Benchmark Suite 186,benchmarks,,,https://example.com/bench/186
bench_synth_187,AI Benchmark Suite 187,benchmarks,,,https://example.com/bench/187
bench_synth_188,AI Benchmark Suite 188,benchmarks,,,https://example.com/bench/188
bench_synth_189,AI Benchmark Suite 189,benchmarks,,,https://example.com/bench/189
bench_synth_19,AI Benchmark Suite 19,benchmarks,,,https://example.com/bench/19
bench_synth_190,AI Benchmark Suite 190,benchmarks,,,https://example.com/bench/190
bench_synth_191,AI Benchmark Suite 191,benchmarks,,,https://example.com/bench/191
bench_synth_192,AI Benchmark Suite 192,benchmarks,,,https://example.com/bench/192
bench_synth_193,AI Benchmark Suite 193,benchmarks,,,https://example.com/bench/193
bench_synth_194,AI Benchmark Suite 194,benchmarks,,,https://example.com/bench/194
bench_synth_195,AI Benchmark Suite 195,benchmarks,,,https://example.com/bench/195
bench_synth_196,AI Benchmark Suite 196,benchmarks,,,https://example.com/bench/196
bench_synth_197,AI Benchmark Suite 197,benchmarks,,,https://example.com/bench/197
bench_synth_198,AI Benchmark Suite 198,benchmarks,,,https://example.com/bench/198
bench_synth_199,AI Benchmark Suite 199,benchmarks,,,https://example.com/bench/199
bench_synth_2,AI Benchmark Suite 2,benchmarks,,,https://example.com/bench/2
bench_synth_20,AI Benchmark Suite 20,benchmarks,,,https://example.com/bench/20
bench_synth_200,AI Benchmark Suite 200,benchmarks,,,https://example.com/bench/200
bench_synth_201,AI Benchmark Suite 201,benchmarks,,,https://example.com/bench/201
bench_synth_202,AI Benchmark Suite 202,benchmarks,,,https://example.com/bench/202
bench_synth_203,AI Benchmark Suite 203,benchmarks,,,https://example.com/bench/203
bench_synth_204,AI Benchmark Suite 204,benchmarks,,,https://example.com/bench/204
bench_synth_205,AI Benchmark Suite 205,benchmarks,,,https://example.com/bench/205
bench_synth_206,AI Benchmark Suite 206,benchmarks,,,https://example.com/bench/206
bench_synth_207,AI Benchmark Suite 207,benchmarks,,,https://example.com/bench/207
bench_synth_208,AI Benchmark Suite 208,benchmarks,,,https://example.com/bench/208
bench_synth_209,AI Benchmark Suite 209,benchmarks,,,https://example.com/bench/209
bench_synth_21,AI Benchmark Suite 21,benchmarks,,,https://example.com/bench/21
bench_synth_210,AI Benchmark Suite 210,benchmarks,,,https://example.com/bench/210
bench_synth_211,AI Benchmark Suite 211,benchmarks,,,https://example.com/bench/211
bench_synth_212,AI Benchmark Suite 212,benchmarks,,,https://example.com/bench/212
bench_synth_213,AI Benchmark Suite 213,benchmarks,,,https://example.com/bench/213
bench_synth_214,AI Benchmark Suite 214,benchmarks,,,https://example.com/bench/214
bench_synth_215,AI Benchmark Suite 215,benchmarks,,,https://example.com/bench/215
bench_synth_216,AI Benchmark Suite 216,benchmarks,,,https://example.com/bench/216
bench_synth_217,AI Benchmark Suite 217,benchmarks,,,https://example.com/bench/217
bench_synth_218,AI Benchmark Suite 218,benchmarks,,,https://example.com/bench/218
bench_synth_219,AI Benchmark Suite 219,benchmarks,,,https://example.com/bench/219
bench_synth_22,AI Benchmark Suite 22,benchmarks,,,https://example.com/bench/22
bench_synth_220,AI Benchmark Suite 220,benchmarks,,,https://example.com/bench/220
bench_synth_221,AI Benchmark Suite 221,benchmarks,,,https://example.com/bench/221
bench_synth_222,AI Benchmark Suite 222,benchmarks,,,https://example.com/bench/222
bench_synth_223,AI Benchmark Suite 223,benchmarks,,,https://example.com/bench/223
bench_synth_224,AI Benchmark Suite 224,benchmarks,,,https://example.com/bench/224
bench_synth_225,AI Benchmark Suite 225,benchmarks,,,https://example.com/bench/225
bench_synth_226,AI Benchmark Suite 226,benchmarks,,,https://example.com/bench/226
bench_synth_227,AI Benchmark Suite 227,benchmarks,,,https://example.com/bench/227
bench_synth_228,AI Benchmark Suite 228,benchmarks,,,https://example.com/bench/228
bench_synth_229,AI Benchmark Suite 229,benchmarks,,,https://example.com/bench/229
bench_synth_23,AI Benchmark Suite 23,benchmarks,,,https://example.com/bench/23
bench_synth_230,AI Benchmark Suite 230,benchmarks,,,https://example.com/bench/230
bench_synth_231,AI Benchmark Suite 231,benchmarks,,,https://example.com/bench/231
bench_synth_232,AI Benchmark Suite 232,benchmarks,,,https://example.com/bench/232
bench_synth_233,AI Benchmark Suite 233,benchmarks,,,https://example.com/bench/233
bench_synth_234,AI Benchmark Suite 234,benchmarks,,,https://example.com/bench/234
bench_synth_235,AI Benchmark Suite 235,benchmarks,,,https://example.com/bench/235
bench_synth_236,AI Benchmark Suite 236,benchmarks,,,https://example.com/bench/236
bench_synth_237,AI Benchmark Suite 237,benchmarks,,,https://example.com/bench/237
bench_synth_238,AI Benchmark Suite 238,benchmarks,,,https://example.com/bench/238
bench_synth_239,AI Benchmark Suite 239,benchmarks,,,https://example.com/bench/239
bench_synth_24,AI Benchmark Suite 24,benchmarks,,,https://example.com/bench/24
bench_synth_240,AI Benchmark Suite 240,benchmarks,,,https://example.com/bench/240
bench_synth_241,AI Benchmark Suite 241,benchmarks,,,https://example.com/bench/241
bench_synth_242,AI Benchmark Suite 242,benchmarks,,,https://example.com/bench/242
bench_synth_243,AI Benchmark Suite 243,benchmarks,,,https://example.com/bench/243
bench_synth_244,AI Benchmark Suite 244,benchmarks,,,https://example.com/bench/244
bench_synth_245,AI Benchmark Suite 245,benchmarks,,,https://example.com/bench/245
bench_synth_246,AI Benchmark Suite 246,benchmarks,,,https://example.com/bench/246
bench_synth_247,AI Benchmark Suite 247,benchmarks,,,https://example.com/bench/247
bench_synth_248,AI Benchmark Suite 248,benchmarks,,,https://example.com/bench/248
bench_synth_249,AI Benchmark Suite 249,benchmarks,,,https://example.com/bench/249
bench_synth_25,AI Benchmark Suite 25,benchmarks,,,https://example.com/bench/25
bench_synth_250,AI Benchmark Suite 250,benchmarks,,,https://example.com/bench/250
bench_synth_251,AI Benchmark Suite 251,benchmarks,,,https://example.com/bench/251
bench_synth_252,AI Benchmark Suite 252,benchmarks,,,https://example.com/bench/252
bench_synth_253,AI Benchmark Suite 253,benchmarks,,,https://example.com/bench/253
bench_synth_254,AI Benchmark Suite 254,benchmarks,,,https://example.com/bench/254
bench_synth_255,AI Benchmark Suite 255,benchmarks,,,https://example.com/bench/255
bench_synth_256,AI Benchmark Suite 256,benchmarks,,,https://example.com/bench/256
bench_synth_257,AI Benchmark Suite 257,benchmarks,,,https://example.com/bench/257
bench_synth_258,AI Benchmark Suite 258,benchmarks,,,https://example.com/bench/258
bench_synth_259,AI Benchmark Suite 259,benchmarks,,,https://example.com/bench/259
bench_synth_26,AI Benchmark Suite 26,benchmarks,,,https://example.com/bench/26
bench_synth_260,AI Benchmark Suite 260,benchmarks,,,https://example.com/bench/260
bench_synth_261,AI Benchmark Suite 261,benchmarks,,,https://example.com/bench/261
bench_synth_262,AI Benchmark Suite 262,benchmarks,,,https://example.com/bench/262
bench_synth_263,AI Benchmark Suite 263,benchmarks,,,https://example.com/bench/263
bench_synth_264,AI Benchmark Suite 264,benchmarks,,,https://example.com/bench/264
bench_synth_265,AI Benchmark Suite 265,benchmarks,,,https://example.com/bench/265
bench_synth_266,AI Benchmark Suite 266,benchmarks,,,https://example.com/bench/266
bench_synth_267,AI Benchmark Suite 267,benchmarks,,,https://example.com/bench/267
bench_synth_268,AI Benchmark Suite 268,benchmarks,,,https://example.com/bench/268
bench_synth_269,AI Benchmark Suite 269,benchmarks,,,https://example.com/bench/269
bench_synth_27,AI Benchmark Suite 27,benchmarks,,,https://example.com/bench/27
bench_synth_270,AI Benchmark Suite 270,benchmarks,,,https://example.com/bench/270
bench_synth_271,AI Benchmark Suite 271,benchmarks,,,https://example.com/bench/271
bench_synth_272,AI Benchmark Suite 272,benchmarks,,,https://example.com/bench/272
bench_synth_273,AI Benchmark Suite 273,benchmarks,,,https://example.com/bench/273
bench_synth_274,AI Benchmark Suite 274,benchmarks,,,https://example.com/bench/274
bench_synth_275,AI Benchmark Suite 275,benchmarks,,,https://example.com/bench/275
bench_synth_276,AI Benchmark Suite 276,benchmarks,,,https://example.com/bench/276
bench_synth_277,AI Benchmark Suite 277,benchmarks,,,https://example.com/bench/277
bench_synth_278,AI Benchmark Suite 278,benchmarks,,,https://example.com/bench/278
bench_synth_279,AI Benchmark Suite 279,benchmarks,,,https://example.com/bench/279
bench_synth_28,AI Benchmark Suite 28,benchmarks,,,https://example.com/bench/28
bench_synth_280,AI Benchmark Suite 280,benchmarks,,,https://example.com/bench/280
bench_synth_281,AI Benchmark Suite 281,benchmarks,,,https://example.com/bench/281
bench_synth_282,AI Benchmark Suite 282,benchmarks,,,https://example.com/bench/282
bench_synth_283,AI Benchmark Suite 283,benchmarks,,,https://example.com/bench/283
bench_synth_284,AI Benchmark Suite 284,benchmarks,,,https://example.com/bench/284
bench_synth_285,AI Benchmark Suite 285,benchmarks,,,https://example.com/bench/285
bench_synth_286,AI Benchmark Suite 286,benchmarks,,,https://example.com/bench/286
bench_synth_287,AI Benchmark Suite 287,benchmarks,,,https://example.com/bench/287
bench_synth_288,AI Benchmark Suite 288,benchmarks,,,https://example.com/bench/288
bench_synth_289,AI Benchmark Suite 289,benchmarks,,,https://example.com/bench/289
bench_synth_29,AI Benchmark Suite 29,benchmarks,,,https://example.com/bench/29
bench_synth_290,AI Benchmark Suite 290,benchmarks,,,https://example.com/bench/290
bench_synth_291,AI Benchmark Suite 291,benchmarks,,,https://example.com/bench/291
bench_synth_292,AI Benchmark Suite 292,benchmarks,,,https://example.com/bench/292
bench_synth_293,AI Benchmark Suite 293,benchmarks,,,https://example.com/bench/293
bench_synth_294,AI Benchmark Suite 294,benchmarks,,,https://example.com/bench/294
bench_synth_295,AI Benchmark Suite 295,benchmarks,,,https://example.com/bench/295
bench_synth_296,AI Benchmark Suite 296,benchmarks,,,https://example.com/bench/296
bench_synth_297,AI Benchmark Suite 297,benchmarks,,,https://example.com/bench/297
bench_synth_298,AI Benchmark Suite 298,benchmarks,,,https://example.com/bench/298
bench_synth_299,AI Benchmark Suite 299,benchmarks,,,https://example.com/bench/299
bench_synth_3,AI Benchmark Suite 3,benchmarks,,,https://example.com/bench/3
bench_synth_30,AI Benchmark Suite 30,benchmarks,,,https://example.com/bench/30
bench_synth_300,AI Benchmark Suite 300,benchmarks,,,https://example.com/bench/300
bench_synth_301,AI Benchmark Suite 301,benchmarks,,,https://example.com/bench/301
bench_synth_302,AI Benchmark Suite 302,benchmarks,,,https://example.com/bench/302
bench_synth_303,AI Benchmark Suite 303,benchmarks,,,https://example.com/bench/303
bench_synth_304,AI Benchmark Suite 304,benchmarks,,,https://example.com/bench/304
bench_synth_305,AI Benchmark Suite 305,benchmarks,,,https://example.com/bench/305
bench_synth_306,AI Benchmark Suite 306,benchmarks,,,https://example.com/bench/306
bench_synth_307,AI Benchmark Suite 307,benchmarks,,,https://example.com/bench/307
bench_synth_308,AI Benchmark Suite 308,benchmarks,,,https://example.com/bench/308
bench_synth_309,AI Benchmark Suite 309,benchmarks,,,https://example.com/bench/309
bench_synth_31,AI Benchmark Suite 31,benchmarks,,,https://example.com/bench/31
bench_synth_310,AI Benchmark Suite 310,benchmarks,,,https://example.com/bench/310
bench_synth_311,AI Benchmark Suite 311,benchmarks,,,https://example.com/bench/311
bench_synth_312,AI Benchmark Suite 312,benchmarks,,,https://example.com/bench/312
bench_synth_313,AI Benchmark Suite 313,benchmarks,,,https://example.com/bench/313
bench_synth_314,AI Benchmark Suite 314,benchmarks,,,https://example.com/bench/314
bench_synth_315,AI Benchmark Suite 315,benchmarks,,,https://example.com/bench/315
bench_synth_316,AI Benchmark Suite 316,benchmarks,,,https://example.com/bench/316
bench_synth_317,AI Benchmark Suite 317,benchmarks,,,https://example.com/bench/317
bench_synth_318,AI Benchmark Suite 318,benchmarks,,,https://example.com/bench/318
bench_synth_319,AI Benchmark Suite 319,benchmarks,,,https://example.com/bench/319
bench_synth_32,AI Benchmark Suite 32,benchmarks,,,https://example.com/bench/32
bench_synth_320,AI Benchmark Suite 320,benchmarks,,,https://example.com/bench/320
bench_synth_321,AI Benchmark Suite 321,benchmarks,,,https://example.com/bench/321
bench_synth_322,AI Benchmark Suite 322,benchmarks,,,https://example.com/bench/322
bench_synth_323,AI Benchmark Suite 323,benchmarks,,,https://example.com/bench/323
bench_synth_324,AI Benchmark Suite 324,benchmarks,,,https://example.com/bench/324
bench_synth_325,AI Benchmark Suite 325,benchmarks,,,https://example.com/bench/325
bench_synth_326,AI Benchmark Suite 326,benchmarks,,,https://example.com/bench/326
bench_synth_327,AI Benchmark Suite 327,benchmarks,,,https://example.com/bench/327
bench_synth_328,AI Benchmark Suite 328,benchmarks,,,https://example.com/bench/328
bench_synth_329,AI Benchmark Suite 329,benchmarks,,,https://example.com/bench/329
bench_synth_33,AI Benchmark Suite 33,benchmarks,,,https://example.com/bench/33
bench_synth_330,AI Benchmark Suite 330,benchmarks,,,https://example.com/bench/330
bench_synth_331,AI Benchmark Suite 331,benchmarks,,,https://example.com/bench/331
bench_synth_332,AI Benchmark Suite 332,benchmarks,,,https://example.com/bench/332
bench_synth_333,AI Benchmark Suite 333,benchmarks,,,https://example.com/bench/333
bench_synth_334,AI Benchmark Suite 334,benchmarks,,,https://example.com/bench/334
bench_synth_335,AI Benchmark Suite 335,benchmarks,,,https://example.com/bench/335
bench_synth_336,AI Benchmark Suite 336,benchmarks,,,https://example.com/bench/336
bench_synth_337,AI Benchmark Suite 337,benchmarks,,,https://example.com/bench/337
bench_synth_338,AI Benchmark Suite 338,benchmarks,,,https://example.com/bench/338
bench_synth_339,AI Benchmark Suite 339,benchmarks,,,https://example.com/bench/339
bench_synth_34,AI Benchmark Suite 34,benchmarks,,,https://example.com/bench/34
bench_synth_340,AI Benchmark Suite 340,benchmarks,,,https://example.com/bench/340
bench_synth_341,AI Benchmark Suite 341,benchmarks,,,https://example.com/bench/341
bench_synth_342,AI Benchmark Suite 342,benchmarks,,,https://example.com/bench/342
bench_synth_343,AI Benchmark Suite 343,benchmarks,,,https://example.com/bench/343
bench_synth_344,AI Benchmark Suite 344,benchmarks,,,https://example.com/bench/344
bench_synth_345,AI Benchmark Suite 345,benchmarks,,,https://example.com/bench/345
bench_synth_346,AI Benchmark Suite 346,benchmarks,,,https://example.com/bench/346
bench_synth_347,AI Benchmark Suite 347,benchmarks,,,https://example.com/bench/347
bench_synth_348,AI Benchmark Suite 348,benchmarks,,,https://example.com/bench/348
bench_synth_349,AI Benchmark Suite 349,benchmarks,,,https://example.com/bench/349
bench_synth_35,AI Benchmark Suite 35,benchmarks,,,https://example.com/bench/35
bench_synth_36,AI Benchmark Suite 36,benchmarks,,,https://example.com/bench/36
bench_synth_37,AI Benchmark Suite 37,benchmarks,,,https://example.com/bench/37
bench_synth_38,AI Benchmark Suite 38,benchmarks,,,https://example.com/bench/38
bench_synth_39,AI Benchmark Suite 39,benchmarks,,,https://example.com/bench/39
bench_synth_4,AI Benchmark Suite 4,benchmarks,,,https://example.com/bench/4
bench_synth_40,AI Benchmark Suite 40,benchmarks,,,https://example.com/bench/40
bench_synth_41,AI Benchmark Suite 41,benchmarks,,,https://example.com/bench/41
bench_synth_42,AI Benchmark Suite 42,benchmarks,,,https://example.com/bench/42
bench_synth_43,AI Benchmark Suite 43,benchmarks,,,https://example.com/bench/43
bench_synth_44,AI Benchmark Suite 44,benchmarks,,,https://example.com/bench/44
bench_synth_45,AI Benchmark Suite 45,benchmarks,,,https://example.com/bench/45
bench_synth_46,AI Benchmark Suite 46,benchmarks,,,https://example.com/bench/46
bench_synth_47,AI Benchmark Suite 47,benchmarks,,,https://example.com/bench/47
bench_synth_48,AI Benchmark Suite 48,benchmarks,,,https://example.com/bench/48
bench_synth_49,AI Benchmark Suite 49,benchmarks,,,https://example.com/bench/49
bench_synth_5,AI Benchmark Suite 5,benchmarks,,,https://example.com/bench/5
bench_synth_50,AI Benchmark Suite 50,benchmarks,,,https://example.com/bench/50
bench_synth_51,AI Benchmark Suite 51,benchmarks,,,https://example.com/bench/51
bench_synth_52,AI Benchmark Suite 52,benchmarks,,,https://example.com/bench/52
bench_synth_53,AI Benchmark Suite 53,benchmarks,,,https://example.com/bench/53
bench_synth_54,AI Benchmark Suite 54,benchmarks,,,https://example.com/bench/54
bench_synth_55,AI Benchmark Suite 55,benchmarks,,,https://example.com/bench/55
bench_synth_56,AI Benchmark Suite 56,benchmarks,,,https://example.com/bench/56
bench_synth_57,AI Benchmark Suite 57,benchmarks,,,https://example.com/bench/57
bench_synth_58,AI Benchmark Suite 58,benchmarks,,,https://example.com/bench/58
bench_synth_59,AI Benchmark Suite 59,benchmarks,,,https://example.com/bench/59
bench_synth_6,AI Benchmark Suite 6,benchmarks,,,https://example.com/bench/6
bench_synth_60,AI Benchmark Suite 60,benchmarks,,,https://example.com/bench/60
bench_synth_61,AI Benchmark Suite 61,benchmarks,,,https://example.com/bench/61
bench_synth_62,AI Benchmark Suite 62,benchmarks,,,https://example.com/bench/62
bench_synth_63,AI Benchmark Suite 63,benchmarks,,,https://example.com/bench/63
bench_synth_64,AI Benchmark Suite 64,benchmarks,,,https://example.com/bench/64
bench_synth_65,AI Benchmark Suite 65,benchmarks,,,https://example.com/bench/65
bench_synth_66,AI Benchmark Suite 66,benchmarks,,,https://example.com/bench/66
bench_synth_67,AI Benchmark Suite 67,benchmarks,,,https://example.com/bench/67
bench_synth_68,AI Benchmark Suite 68,benchmarks,,,https://example.com/bench/68
bench_synth_69,AI Benchmark Suite 69,benchmarks,,,https://example.com/bench/69
bench_synth_7,AI Benchmark Suite 7,benchmarks,,,https://example.com/bench/7
bench_synth_70,AI Benchmark Suite 70,benchmarks,,,https://example.com/bench/70
bench_synth_71,AI Benchmark Suite 71,benchmarks,,,https://example.com/bench/71
bench_synth_72,AI Benchmark Suite 72,benchmarks,,,https://example.com/bench/72
bench_synth_73,AI Benchmark Suite 73,benchmarks,,,https://example.com/bench/73
bench_synth_74,AI Benchmark Suite 74,benchmarks,,,https://example.com/bench/74
bench_synth_75,AI Benchmark Suite 75,benchmarks,,,https://example.com/bench/75
bench_synth_76,AI Benchmark Suite 76,benchmarks,,,https://example.com/bench/76
bench_synth_77,AI Benchmark Suite 77,benchmarks,,,https://example.com/bench/77
bench_synth_78,AI Benchmark Suite 78,benchmarks,,,https://example.com/bench/78
bench_synth_79,AI Benchmark Suite 79,benchmarks,,,https://example.com/bench/79
bench_synth_8,AI Benchmark Suite 8,benchmarks,,,https://example.com/bench/8
bench_synth_80,AI Benchmark Suite 80,benchmarks,,,https://example.com/bench/80
bench_synth_81,AI Benchmark Suite 81,benchmarks,,,https://example.com/bench/81
bench_synth_82,AI Benchmark Suite 82,benchmarks,,,https://example.com/bench/82
bench_synth_83,AI Benchmark Suite 83,benchmarks,,,https://example.com/bench/83
bench_synth_84,AI Benchmark Suite 84,benchmarks,,,https://example.com/bench/84
bench_synth_85,AI Benchmark Suite 85,benchmarks,,,https://example.com/bench/85
bench_synth_86,AI Benchmark Suite 86,benchmarks,,,https://example.com/bench/86
bench_synth_87,AI Benchmark Suite 87,benchmarks,,,https://example.com/bench/87
bench_synth_88,AI Benchmark Suite 88,benchmarks,,,https://example.com/bench/88
bench_synth_89,AI Benchmark Suite 89,benchmarks,,,https://example.com/bench/89
bench_synth_9,AI Benchmark Suite 9,benchmarks,,,https://example.com/bench/9
bench_synth_90,AI Benchmark Suite 90,benchmarks,,,https://example.com/bench/90
bench_synth_91,AI Benchmark Suite 91,benchmarks,,,https://example.com/bench/91
bench_synth_92,AI Benchmark Suite 92,benchmarks,,,https://example.com/bench/92
bench_synth_93,AI Benchmark Suite 93,benchmarks,,,https://example.com/bench/93
bench_synth_94,AI Benchmark Suite 94,benchmarks,,,https://example.com/bench/94
bench_synth_95,AI Benchmark Suite 95,benchmarks,,,https://example.com/bench/95
bench_synth_96,AI Benchmark Suite 96,benchmarks,,,https://example.com/bench/96
bench_synth_97,AI Benchmark Suite 97,benchmarks,,,https://example.com/bench/97
bench_synth_98,AI Benchmark Suite 98,benchmarks,,,https://example.com/bench/98
bench_synth_99,AI Benchmark Suite 99,benchmarks,,,https://example.com/bench/99
benchmark_synth_benchmarks_0,,benchmarks,,,
benchmark_synth_benchmarks_1,,benchmarks,,,
benchmark_synth_benchmarks_10,,benchmarks,,,
benchmark_synth_benchmarks_100,,benchmarks,,,
benchmark_synth_benchmarks_101,,benchmarks,,,
benchmark_synth_benchmarks_102,,benchmarks,,,
benchmark_synth_benchmarks_103,,benchmarks,,,
benchmark_synth_benchmarks_104,,benchmarks,,,
benchmark_synth_benchmarks_105,,benchmarks,,,
benchmark_synth_benchmarks_106,,benchmarks,,,
benchmark_synth_benchmarks_107,,benchmarks,,,
benchmark_synth_benchmarks_108,,benchmarks,,,
benchmark_synth_benchmarks_109,,benchmarks,,,
benchmark_synth_benchmarks_11,,benchmarks,,,
benchmark_synth_benchmarks_110,,benchmarks,,,
benchmark_synth_benchmarks_111,,benchmarks,,,
benchmark_synth_benchmarks_112,,benchmarks,,,
benchmark_synth_benchmarks_113,,benchmarks,,,
benchmark_synth_benchmarks_114,,benchmarks,,,
benchmark_synth_benchmarks_115,,benchmarks,,,
benchmark_synth_benchmarks_116,,benchmarks,,,
benchmark_synth_benchmarks_117,,benchmarks,,,
benchmark_synth_benchmarks_118,,benchmarks,,,
benchmark_synth_benchmarks_119,,benchmarks,,,
benchmark_synth_benchmarks_12,,benchmarks,,,
benchmark_synth_benchmarks_120,,benchmarks,,,
benchmark_synth_benchmarks_121,,benchmarks,,,
benchmark_synth_benchmarks_122,,benchmarks,,,
benchmark_synth_benchmarks_123,,benchmarks,,,
benchmark_synth_benchmarks_124,,benchmarks,,,
benchmark_synth_benchmarks_125,,benchmarks,,,
benchmark_synth_benchmarks_126,,benchmarks,,,
benchmark_synth_benchmarks_127,,benchmarks,,,
benchmark_synth_benchmarks_128,,benchmarks,,,
benchmark_synth_benchmarks_129,,benchmarks,,,
benchmark_synth_benchmarks_13,,benchmarks,,,
benchmark_synth_benchmarks_130,,benchmarks,,,
benchmark_synth_benchmarks_131,,benchmarks,,,
benchmark_synth_benchmarks_132,,benchmarks,,,
benchmark_synth_benchmarks_133,,benchmarks,,,
benchmark_synth_benchmarks_134,,benchmarks,,,
benchmark_synth_benchmarks_135,,benchmarks,,,
benchmark_synth_benchmarks_136,,benchmarks,,,
benchmark_synth_benchmarks_137,,benchmarks,,,
benchmark_synth_benchmarks_138,,benchmarks,,,
benchmark_synth_benchmarks_139,,benchmarks,,,
benchmark_synth_benchmarks_14,,benchmarks,,,
benchmark_synth_benchmarks_140,,benchmarks,,,
benchmark_synth_benchmarks_141,,benchmarks,,,
benchmark_synth_benchmarks_142,,benchmarks,,,
benchmark_synth_benchmarks_143,,benchmarks,,,
benchmark_synth_benchmarks_144,,benchmarks,,,
benchmark_synth_benchmarks_145,,benchmarks,,,
benchmark_synth_benchmarks_146,,benchmarks,,,
benchmark_synth_benchmarks_147,,benchmarks,,,
benchmark_synth_benchmarks_148,,benchmarks,,,
benchmark_synth_benchmarks_149,,benchmarks,,,
benchmark_synth_benchmarks_15,,benchmarks,,,
benchmark_synth_benchmarks_150,,benchmarks,,,
benchmark_synth_benchmarks_151,,benchmarks,,,
benchmark_synth_benchmarks_152,,benchmarks,,,
benchmark_synth_benchmarks_153,,benchmarks,,,
benchmark_synth_benchmarks_154,,benchmarks,,,
benchmark_synth_benchmarks_155,,benchmarks,,,
benchmark_synth_benchmarks_156,,benchmarks,,,
benchmark_synth_benchmarks_157,,benchmarks,,,
benchmark_synth_benchmarks_158,,benchmarks,,,
benchmark_synth_benchmarks_159,,benchmarks,,,
benchmark_synth_benchmarks_16,,benchmarks,,,
benchmark_synth_benchmarks_160,,benchmarks,,,
benchmark_synth_benchmarks_161,,benchmarks,,,
benchmark_synth_benchmarks_162,,benchmarks,,,
benchmark_synth_benchmarks_163,,benchmarks,,,
benchmark_synth_benchmarks_164,,benchmarks,,,
benchmark_synth_benchmarks_165,,benchmarks,,,
benchmark_synth_benchmarks_166,,benchmarks,,,
benchmark_synth_benchmarks_167,,benchmarks,,,
benchmark_synth_benchmarks_168,,benchmarks,,,
benchmark_synth_benchmarks_169,,benchmarks,,,
benchmark_synth_benchmarks_17,,benchmarks,,,
benchmark_synth_benchmarks_170,,benchmarks,,,
benchmark_synth_benchmarks_171,,benchmarks,,,
benchmark_synth_benchmarks_172,,benchmarks,,,
benchmark_synth_benchmarks_173,,benchmarks,,,
benchmark_synth_benchmarks_174,,benchmarks,,,
benchmark_synth_benchmarks_175,,benchmarks,,,
benchmark_synth_benchmarks_176,,benchmarks,,,
benchmark_synth_benchmarks_177,,benchmarks,,,
benchmark_synth_benchmarks_178,,benchmarks,,,
benchmark_synth_benchmarks_179,,benchmarks,,,
benchmark_synth_benchmarks_18,,benchmarks,,,
benchmark_synth_benchmarks_180,,benchmarks,,,
benchmark_synth_benchmarks_181,,benchmarks,,,
benchmark_synth_benchmarks_182,,benchmarks,,,
benchmark_synth_benchmarks_183,,benchmarks,,,
benchmark_synth_benchmarks_184,,benchmarks,,,
benchmark_synth_benchmarks_185,,benchmarks,,,
benchmark_synth_benchmarks_186,,benchmarks,,,
benchmark_synth_benchmarks_187,,benchmarks,,,
benchmark_synth_benchmarks_188,,benchmarks,,,
benchmark_synth_benchmarks_189,,benchmarks,,,
benchmark_synth_benchmarks_19,,benchmarks,,,
benchmark_synth_benchmarks_190,,benchmarks,,,
benchmark_synth_benchmarks_191,,benchmarks,,,
benchmark_synth_benchmarks_192,,benchmarks,,,
benchmark_synth_benchmarks_193,,benchmarks,,,
benchmark_synth_benchmarks_194,,benchmarks,,,
benchmark_synth_benchmarks_195,,benchmarks,,,
benchmark_synth_benchmarks_196,,benchmarks,,,
benchmark_synth_benchmarks_197,,benchmarks,,,
benchmark_synth_benchmarks_198,,benchmarks,,,
benchmark_synth_benchmarks_199,,benchmarks,,,
benchmark_synth_benchmarks_2,,benchmarks,,,
benchmark_synth_benchmarks_20,,benchmarks,,,
benchmark_synth_benchmarks_200,,benchmarks,,,
benchmark_synth_benchmarks_201,,benchmarks,,,
benchmark_synth_benchmarks_202,,benchmarks,,,
benchmark_synth_benchmarks_203,,benchmarks,,,
benchmark_synth_benchmarks_204,,benchmarks,,,
benchmark_synth_benchmarks_205,,benchmarks,,,
benchmark_synth_benchmarks_206,,benchmarks,,,
benchmark_synth_benchmarks_207,,benchmarks,,,
benchmark_synth_benchmarks_208,,benchmarks,,,
benchmark_synth_benchmarks_209,,benchmarks,,,
benchmark_synth_benchmarks_21,,benchmarks,,,
benchmark_synth_benchmarks_210,,benchmarks,,,
benchmark_synth_benchmarks_211,,benchmarks,,,
benchmark_synth_benchmarks_212,,benchmarks,,,
benchmark_synth_benchmarks_213,,benchmarks,,,
benchmark_synth_benchmarks_214,,benchmarks,,,
benchmark_synth_benchmarks_215,,benchmarks,,,
benchmark_synth_benchmarks_216,,benchmarks,,,
benchmark_synth_benchmarks_217,,benchmarks,,,
benchmark_synth_benchmarks_218,,benchmarks,,,
benchmark_synth_benchmarks_219,,benchmarks,,,
benchmark_synth_benchmarks_22,,benchmarks,,,
benchmark_synth_benchmarks_220,,benchmarks,,,
benchmark_synth_benchmarks_221,,benchmarks,,,
benchmark_synth_benchmarks_222,,benchmarks,,,
benchmark_synth_benchmarks_223,,benchmarks,,,
benchmark_synth_benchmarks_224,,benchmarks,,,
benchmark_synth_benchmarks_225,,benchmarks,,,
benchmark_synth_benchmarks_226,,benchmarks,,,
benchmark_synth_benchmarks_227,,benchmarks,,,
benchmark_synth_benchmarks_228,,benchmarks,,,
benchmark_synth_benchmarks_229,,benchmarks,,,
benchmark_synth_benchmarks_23,,benchmarks,,,
benchmark_synth_benchmarks_230,,benchmarks,,,
benchmark_synth_benchmarks_231,,benchmarks,,,
benchmark_synth_benchmarks_232,,benchmarks,,,
benchmark_synth_benchmarks_233,,benchmarks,,,
benchmark_synth_benchmarks_234,,benchmarks,,,
benchmark_synth_benchmarks_235,,benchmarks,,,
benchmark_synth_benchmarks_236,,benchmarks,,,
benchmark_synth_benchmarks_237,,benchmarks,,,
benchmark_synth_benchmarks_238,,benchmarks,,,
benchmark_synth_benchmarks_239,,benchmarks,,,
benchmark_synth_benchmarks_24,,benchmarks,,,
benchmark_synth_benchmarks_240,,benchmarks,,,
benchmark_synth_benchmarks_241,,benchmarks,,,
benchmark_synth_benchmarks_242,,benchmarks,,,
benchmark_synth_benchmarks_243,,benchmarks,,,
benchmark_synth_benchmarks_244,,benchmarks,,,
benchmark_synth_benchmarks_245,,benchmarks,,,
benchmark_synth_benchmarks_246,,benchmarks,,,
benchmark_synth_benchmarks_247,,benchmarks,,,
benchmark_synth_benchmarks_248,,benchmarks,,,
benchmark_synth_benchmarks_249,,benchmarks,,,
benchmark_synth_benchmarks_25,,benchmarks,,,
benchmark_synth_benchmarks_250,,benchmarks,,,
benchmark_synth_benchmarks_251,,benchmarks,,,
benchmark_synth_benchmarks_252,,benchmarks,,,
benchmark_synth_benchmarks_253,,benchmarks,,,
benchmark_synth_benchmarks_254,,benchmarks,,,
benchmark_synth_benchmarks_255,,benchmarks,,,
benchmark_synth_benchmarks_256,,benchmarks,,,
benchmark_synth_benchmarks_257,,benchmarks,,,
benchmark_synth_benchmarks_258,,benchmarks,,,
benchmark_synth_benchmarks_259,,benchmarks,,,
benchmark_synth_benchmarks_26,,benchmarks,,,
benchmark_synth_benchmarks_260,,benchmarks,,,
benchmark_synth_benchmarks_261,,benchmarks,,,
benchmark_synth_benchmarks_262,,benchmarks,,,
benchmark_synth_benchmarks_263,,benchmarks,,,
benchmark_synth_benchmarks_264,,benchmarks,,,
benchmark_synth_benchmarks_265,,benchmarks,,,
benchmark_synth_benchmarks_266,,benchmarks,,,
benchmark_synth_benchmarks_267,,benchmarks,,,
benchmark_synth_benchmarks_268,,benchmarks,,,
benchmark_synth_benchmarks_269,,benchmarks,,,
benchmark_synth_benchmarks_27,,benchmarks,,,
benchmark_synth_benchmarks_270,,benchmarks,,,
benchmark_synth_benchmarks_271,,benchmarks,,,
benchmark_synth_benchmarks_272,,benchmarks,,,
benchmark_synth_benchmarks_273,,benchmarks,,,
benchmark_synth_benchmarks_274,,benchmarks,,,
benchmark_synth_benchmarks_275,,benchmarks,,,
benchmark_synth_benchmarks_276,,benchmarks,,,
benchmark_synth_benchmarks_277,,benchmarks,,,
benchmark_synth_benchmarks_278,,benchmarks,,,
benchmark_synth_benchmarks_279,,benchmarks,,,
benchmark_synth_benchmarks_28,,benchmarks,,,
benchmark_synth_benchmarks_280,,benchmarks,,,
benchmark_synth_benchmarks_281,,benchmarks,,,
benchmark_synth_benchmarks_282,,benchmarks,,,
benchmark_synth_benchmarks_283,,benchmarks,,,
benchmark_synth_benchmarks_284,,benchmarks,,,
benchmark_synth_benchmarks_285,,benchmarks,,,
benchmark_synth_benchmarks_286,,benchmarks,,,
benchmark_synth_benchmarks_287,,benchmarks,,,
benchmark_synth_benchmarks_288,,benchmarks,,,
benchmark_synth_benchmarks_289,,benchmarks,,,
benchmark_synth_benchmarks_29,,benchmarks,,,
benchmark_synth_benchmarks_290,,benchmarks,,,
benchmark_synth_benchmarks_291,,benchmarks,,,
benchmark_synth_benchmarks_292,,benchmarks,,,
benchmark_synth_benchmarks_293,,benchmarks,,,
benchmark_synth_benchmarks_294,,benchmarks,,,
benchmark_synth_benchmarks_295,,benchmarks,,,
benchmark_synth_benchmarks_296,,benchmarks,,,
benchmark_synth_benchmarks_297,,benchmarks,,,
benchmark_synth_benchmarks_298,,benchmarks,,,
benchmark_synth_benchmarks_299,,benchmarks,,,
benchmark_synth_benchmarks_3,,benchmarks,,,
benchmark_synth_benchmarks_30,,benchmarks,,,
benchmark_synth_benchmarks_300,,benchmarks,,,
benchmark_synth_benchmarks_301,,benchmarks,,,
benchmark_synth_benchmarks_302,,benchmarks,,,
benchmark_synth_benchmarks_303,,benchmarks,,,
benchmark_synth_benchmarks_304,,benchmarks,,,
benchmark_synth_benchmarks_305,,benchmarks,,,
benchmark_synth_benchmarks_306,,benchmarks,,,
benchmark_synth_benchmarks_307,,benchmarks,,,
benchmark_synth_benchmarks_308,,benchmarks,,,
benchmark_synth_benchmarks_309,,benchmarks,,,
benchmark_synth_benchmarks_31,,benchmarks,,,
benchmark_synth_benchmarks_310,,benchmarks,,,
benchmark_synth_benchmarks_311,,benchmarks,,,
benchmark_synth_benchmarks_312,,benchmarks,,,
benchmark_synth_benchmarks_313,,benchmarks,,,
benchmark_synth_benchmarks_314,,benchmarks,,,
benchmark_synth_benchmarks_315,,benchmarks,,,
benchmark_synth_benchmarks_316,,benchmarks,,,
benchmark_synth_benchmarks_317,,benchmarks,,,
benchmark_synth_benchmarks_318,,benchmarks,,,
benchmark_synth_benchmarks_319,,benchmarks,,,
benchmark_synth_benchmarks_32,,benchmarks,,,
benchmark_synth_benchmarks_320,,benchmarks,,,
benchmark_synth_benchmarks_321,,benchmarks,,,
benchmark_synth_benchmarks_322,,benchmarks,,,
benchmark_synth_benchmarks_323,,benchmarks,,,
benchmark_synth_benchmarks_324,,benchmarks,,,
benchmark_synth_benchmarks_325,,benchmarks,,,
benchmark_synth_benchmarks_326,,benchmarks,,,
benchmark_synth_benchmarks_327,,benchmarks,,,
benchmark_synth_benchmarks_328,,benchmarks,,,
benchmark_synth_benchmarks_329,,benchmarks,,,
benchmark_synth_benchmarks_33,,benchmarks,,,
benchmark_synth_benchmarks_330,,benchmarks,,,
benchmark_synth_benchmarks_331,,benchmarks,,,
benchmark_synth_benchmarks_332,,benchmarks,,,
benchmark_synth_benchmarks_333,,benchmarks,,,
benchmark_synth_benchmarks_334,,benchmarks,,,
benchmark_synth_benchmarks_335,,benchmarks,,,
benchmark_synth_benchmarks_336,,benchmarks,,,
benchmark_synth_benchmarks_337,,benchmarks,,,
benchmark_synth_benchmarks_338,,benchmarks,,,
benchmark_synth_benchmarks_339,,benchmarks,,,
benchmark_synth_benchmarks_34,,benchmarks,,,
benchmark_synth_benchmarks_340,,benchmarks,,,
benchmark_synth_benchmarks_341,,benchmarks,,,
benchmark_synth_benchmarks_342,,benchmarks,,,
benchmark_synth_benchmarks_343,,benchmarks,,,
benchmark_synth_benchmarks_344,,benchmarks,,,
benchmark_synth_benchmarks_345,,benchmarks,,,
benchmark_synth_benchmarks_346,,benchmarks,,,
benchmark_synth_benchmarks_347,,benchmarks,,,
benchmark_synth_benchmarks_348,,benchmarks,,,
benchmark_synth_benchmarks_349,,benchmarks,,,
benchmark_synth_benchmarks_35,,benchmarks,,,
benchmark_synth_benchmarks_36,,benchmarks,,,
benchmark_synth_benchmarks_37,,benchmarks,,,
benchmark_synth_benchmarks_38,,benchmarks,,,
benchmark_synth_benchmarks_39,,benchmarks,,,
benchmark_synth_benchmarks_4,,benchmarks,,,
benchmark_synth_benchmarks_40,,benchmarks,,,
benchmark_synth_benchmarks_41,,benchmarks,,,
benchmark_synth_benchmarks_42,,benchmarks,,,
benchmark_synth_benchmarks_43,,benchmarks,,,
benchmark_synth_benchmarks_44,,benchmarks,,,
benchmark_synth_benchmarks_45,,benchmarks,,,
benchmark_synth_benchmarks_46,,benchmarks,,,
benchmark_synth_benchmarks_47,,benchmarks,,,
benchmark_synth_benchmarks_48,,benchmarks,,,
benchmark_synth_benchmarks_49,,benchmarks,,,
benchmark_synth_benchmarks_5,,benchmarks,,,
benchmark_synth_benchmarks_50,,benchmarks,,,
benchmark_synth_benchmarks_51,,benchmarks,,,
benchmark_synth_benchmarks_52,,benchmarks,,,
benchmark_synth_benchmarks_53,,benchmarks,,,
benchmark_synth_benchmarks_54,,benchmarks,,,
benchmark_synth_benchmarks_55,,benchmarks,,,
benchmark_synth_benchmarks_56,,benchmarks,,,
benchmark_synth_benchmarks_57,,benchmarks,,,
benchmark_synth_benchmarks_58,,benchmarks,,,
benchmark_synth_benchmarks_59,,benchmarks,,,
benchmark_synth_benchmarks_6,,benchmarks,,,
benchmark_synth_benchmarks_60,,benchmarks,,,
benchmark_synth_benchmarks_61,,benchmarks,,,
benchmark_synth_benchmarks_62,,benchmarks,,,
benchmark_synth_benchmarks_63,,benchmarks,,,
benchmark_synth_benchmarks_64,,benchmarks,,,
benchmark_synth_benchmarks_65,,benchmarks,,,
benchmark_synth_benchmarks_66,,benchmarks,,,
benchmark_synth_benchmarks_67,,benchmarks,,,
benchmark_synth_benchmarks_68,,benchmarks,,,
benchmark_synth_benchmarks_69,,benchmarks,,,
benchmark_synth_benchmarks_7,,benchmarks,,,
benchmark_synth_benchmarks_70,,benchmarks,,,
benchmark_synth_benchmarks_71,,benchmarks,,,
benchmark_synth_benchmarks_72,,benchmarks,,,
benchmark_synth_benchmarks_73,,benchmarks,,,
benchmark_synth_benchmarks_74,,benchmarks,,,
benchmark_synth_benchmarks_75,,benchmarks,,,
benchmark_synth_benchmarks_76,,benchmarks,,,
benchmark_synth_benchmarks_77,,benchmarks,,,
benchmark_synth_benchmarks_78,,benchmarks,,,
benchmark_synth_benchmarks_79,,benchmarks,,,
benchmark_synth_benchmarks_8,,benchmarks,,,
benchmark_synth_benchmarks_80,,benchmarks,,,
benchmark_synth_benchmarks_81,,benchmarks,,,
benchmark_synth_benchmarks_82,,benchmarks,,,
benchmark_synth_benchmarks_83,,benchmarks,,,
benchmark_synth_benchmarks_84,,benchmarks,,,
benchmark_synth_benchmarks_85,,benchmarks,,,
benchmark_synth_benchmarks_86,,benchmarks,,,
benchmark_synth_benchmarks_87,,benchmarks,,,
benchmark_synth_benchmarks_88,,benchmarks,,,
benchmark_synth_benchmarks_89,,benchmarks,,,
benchmark_synth_benchmarks_9,,benchmarks,,,
benchmark_synth_benchmarks_90,,benchmarks,,,
benchmark_synth_benchmarks_91,,benchmarks,,,
benchmark_synth_benchmarks_92,,benchmarks,,,
benchmark_synth_benchmarks_93,,benchmarks,,,
benchmark_synth_benchmarks_94,,benchmarks,,,
benchmark_synth_benchmarks_95,,benchmarks,,,
benchmark_synth_benchmarks_96,,benchmarks,,,
benchmark_synth_benchmarks_97,,benchmarks,,,
benchmark_synth_benchmarks_98,,benchmarks,,,
benchmark_synth_benchmarks_99,,benchmarks,,,
